<TICKER>,<PER>,<DATE>,<TIME>,<OPEN>,<HIGH>,<LOW>,<CLOSE>,<VOL>
MOEX.VKCO:TQBR,D,20210104,000000,1990.0000000,1999.0000000,1980.0000000,1984.8000000,392692
MOEX.VKCO:TQBR,D,20210105,000000,1989.0000000,2057.6000000,1979.0000000,2041.8000000,745005
MOEX.VKCO:TQBR,D,20210106,000000,2039.8000000,2077.0000000,1998.2000000,2005.6000000,825941
MOEX.VKCO:TQBR,D,20210108,000000,2013.0000000,2037.2000000,2005.0000000,2016.0000000,600224
MOEX.VKCO:TQBR,D,20210111,000000,2016.0000000,2073.0000000,2006.2000000,2059.0000000,775688
MOEX.VKCO:TQBR,D,20210112,000000,2063.8000000,2086.6000000,2015.8000000,2044.8000000,554443
MOEX.VKCO:TQBR,D,20210113,000000,2033.6000000,2049.0000000,2000.2000000,2017.4000000,448602
MOEX.VKCO:TQBR,D,20210114,000000,2012.2000000,2029.0000000,1940.4000000,1987.8000000,1144165
MOEX.VKCO:TQBR,D,20210115,000000,1979.2000000,1996.6000000,1950.2000000,1967.0000000,498506
MOEX.VKCO:TQBR,D,20210118,000000,1964.8000000,1988.0000000,1945.4000000,1958.6000000,485328
MOEX.VKCO:TQBR,D,20210119,000000,1965.4000000,1969.8000000,1924.0000000,1935.4000000,913306
MOEX.VKCO:TQBR,D,20210120,000000,1932.6000000,1968.2000000,1925.4000000,1966.2000000,400037
MOEX.VKCO:TQBR,D,20210121,000000,1962.0000000,1988.0000000,1934.2000000,1950.8000000,887546
MOEX.VKCO:TQBR,D,20210122,000000,1950.0000000,1963.0000000,1939.0000000,1951.0000000,380923
MOEX.VKCO:TQBR,D,20210125,000000,1952.0000000,1967.0000000,1943.2000000,1959.8000000,414373
MOEX.VKCO:TQBR,D,20210126,000000,1959.2000000,1984.0000000,1950.0000000,1979.4000000,491488
MOEX.VKCO:TQBR,D,20210127,000000,1985.4000000,2010.4000000,1961.2000000,1990.0000000,736262
MOEX.VKCO:TQBR,D,20210128,000000,1990.0000000,2003.8000000,1965.6000000,1979.2000000,560934
MOEX.VKCO:TQBR,D,20210129,000000,1974.8000000,1992.8000000,1920.2000000,1962.0000000,587278
MOEX.VKCO:TQBR,D,20210201,000000,1962.0000000,1987.0000000,1936.0000000,1977.0000000,543961
MOEX.VKCO:TQBR,D,20210202,000000,1976.0000000,2017.0000000,1971.4000000,1990.4000000,518247
MOEX.VKCO:TQBR,D,20210203,000000,1998.6000000,2025.0000000,1978.4000000,2014.8000000,448008
MOEX.VKCO:TQBR,D,20210204,000000,2018.0000000,2041.8000000,2012.2000000,2037.6000000,384430
MOEX.VKCO:TQBR,D,20210205,000000,2035.2000000,2052.0000000,2023.0000000,2042.0000000,389525
MOEX.VKCO:TQBR,D,20210208,000000,2042.0000000,2053.2000000,2019.0000000,2023.0000000,370670
MOEX.VKCO:TQBR,D,20210209,000000,2028.4000000,2035.0000000,2001.0000000,2013.6000000,315689
MOEX.VKCO:TQBR,D,20210210,000000,2025.8000000,2035.0000000,2010.2000000,2013.6000000,385312
MOEX.VKCO:TQBR,D,20210211,000000,2019.8000000,2029.8000000,2013.2000000,2020.2000000,233881
MOEX.VKCO:TQBR,D,20210212,000000,2025.0000000,2032.8000000,1977.0000000,2004.8000000,569616
MOEX.VKCO:TQBR,D,20210215,000000,2006.0000000,2027.6000000,2004.0000000,2021.2000000,229093
MOEX.VKCO:TQBR,D,20210216,000000,2024.0000000,2048.0000000,2006.4000000,2039.8000000,441171
MOEX.VKCO:TQBR,D,20210217,000000,2040.0000000,2053.0000000,2001.0000000,2024.2000000,465231
MOEX.VKCO:TQBR,D,20210218,000000,2015.2000000,2022.6000000,1993.2000000,1997.4000000,413517
MOEX.VKCO:TQBR,D,20210219,000000,1997.4000000,2032.8000000,1985.0000000,2018.8000000,286011
MOEX.VKCO:TQBR,D,20210220,000000,2021.8000000,2025.0000000,2010.0000000,2019.2000000,38733
MOEX.VKCO:TQBR,D,20210222,000000,2018.0000000,2023.8000000,1996.0000000,2002.4000000,320976
MOEX.VKCO:TQBR,D,20210224,000000,2003.0000000,2050.0000000,1995.2000000,2041.8000000,602434
MOEX.VKCO:TQBR,D,20210225,000000,2043.0000000,2047.2000000,2005.0000000,2007.6000000,280794
MOEX.VKCO:TQBR,D,20210226,000000,2008.0000000,2039.2000000,1987.6000000,2011.4000000,900672
MOEX.VKCO:TQBR,D,20210301,000000,2017.0000000,2022.2000000,2005.0000000,2013.0000000,207351
MOEX.VKCO:TQBR,D,20210302,000000,2010.0000000,2031.8000000,1998.0000000,2007.0000000,358293
MOEX.VKCO:TQBR,D,20210303,000000,2011.0000000,2024.0000000,2001.0000000,2010.0000000,221049
MOEX.VKCO:TQBR,D,20210304,000000,2016.6000000,2026.6000000,1936.6000000,1938.8000000,663395
MOEX.VKCO:TQBR,D,20210305,000000,1955.0000000,1955.0000000,1860.0000000,1908.2000000,756607
MOEX.VKCO:TQBR,D,20210309,000000,1901.8000000,1904.8000000,1860.2000000,1884.0000000,745188
MOEX.VKCO:TQBR,D,20210310,000000,1884.0000000,1914.6000000,1836.2000000,1851.8000000,797669
MOEX.VKCO:TQBR,D,20210311,000000,1852.2000000,1871.2000000,1841.2000000,1861.8000000,445134
MOEX.VKCO:TQBR,D,20210312,000000,1862.0000000,1867.0000000,1805.2000000,1827.0000000,996967
MOEX.VKCO:TQBR,D,20210315,000000,1825.0000000,1845.0000000,1808.2000000,1834.0000000,671355
MOEX.VKCO:TQBR,D,20210316,000000,1839.8000000,1840.8000000,1805.2000000,1810.2000000,675473
MOEX.VKCO:TQBR,D,20210317,000000,1813.0000000,1829.0000000,1800.0000000,1818.8000000,729379
MOEX.VKCO:TQBR,D,20210318,000000,1820.0000000,1824.0000000,1795.0000000,1804.0000000,646739
MOEX.VKCO:TQBR,D,20210319,000000,1805.8000000,1813.0000000,1780.4000000,1792.0000000,603077
MOEX.VKCO:TQBR,D,20210322,000000,1793.0000000,1799.2000000,1782.2000000,1794.2000000,379820
MOEX.VKCO:TQBR,D,20210323,000000,1790.6000000,1790.6000000,1742.4000000,1749.0000000,707190
MOEX.VKCO:TQBR,D,20210324,000000,1753.0000000,1763.8000000,1728.6000000,1741.2000000,398988
MOEX.VKCO:TQBR,D,20210325,000000,1745.2000000,1745.2000000,1700.2000000,1716.0000000,512575
MOEX.VKCO:TQBR,D,20210326,000000,1713.6000000,1741.4000000,1711.0000000,1732.0000000,431065
MOEX.VKCO:TQBR,D,20210329,000000,1733.8000000,1771.0000000,1731.2000000,1755.8000000,406811
MOEX.VKCO:TQBR,D,20210330,000000,1761.0000000,1789.8000000,1738.8000000,1750.0000000,511040
MOEX.VKCO:TQBR,D,20210331,000000,1750.8000000,1754.0000000,1714.4000000,1738.0000000,582620
MOEX.VKCO:TQBR,D,20210401,000000,1740.0000000,1759.6000000,1724.8000000,1751.8000000,402634
MOEX.VKCO:TQBR,D,20210402,000000,1760.0000000,1773.0000000,1750.2000000,1770.2000000,158859
MOEX.VKCO:TQBR,D,20210405,000000,1764.0000000,1800.0000000,1752.0000000,1790.2000000,254922
MOEX.VKCO:TQBR,D,20210406,000000,1788.0000000,1796.8000000,1745.6000000,1759.4000000,391742
MOEX.VKCO:TQBR,D,20210407,000000,1766.2000000,1771.0000000,1736.2000000,1748.0000000,344093
MOEX.VKCO:TQBR,D,20210408,000000,1748.0000000,1759.0000000,1731.4000000,1743.6000000,246472
MOEX.VKCO:TQBR,D,20210409,000000,1759.6000000,1759.6000000,1704.2000000,1717.2000000,472162
MOEX.VKCO:TQBR,D,20210412,000000,1719.8000000,1756.4000000,1714.6000000,1750.2000000,470006
MOEX.VKCO:TQBR,D,20210413,000000,1751.2000000,1799.0000000,1749.2000000,1787.2000000,511199
MOEX.VKCO:TQBR,D,20210414,000000,1785.0000000,1825.6000000,1757.6000000,1803.2000000,761943
MOEX.VKCO:TQBR,D,20210415,000000,1804.8000000,1805.0000000,1750.4000000,1765.0000000,644301
MOEX.VKCO:TQBR,D,20210416,000000,1769.0000000,1776.6000000,1740.2000000,1750.6000000,407929
MOEX.VKCO:TQBR,D,20210419,000000,1745.2000000,1755.2000000,1725.0000000,1739.0000000,329420
MOEX.VKCO:TQBR,D,20210420,000000,1743.2000000,1751.8000000,1701.4000000,1720.0000000,744202
MOEX.VKCO:TQBR,D,20210421,000000,1715.0000000,1721.6000000,1685.0000000,1695.0000000,803140
MOEX.VKCO:TQBR,D,20210422,000000,1698.0000000,1743.2000000,1692.6000000,1728.4000000,796544
MOEX.VKCO:TQBR,D,20210423,000000,1733.4000000,1746.0000000,1710.0000000,1735.2000000,347521
MOEX.VKCO:TQBR,D,20210426,000000,1739.4000000,1742.4000000,1721.4000000,1731.2000000,192524
MOEX.VKCO:TQBR,D,20210427,000000,1732.0000000,1748.0000000,1721.0000000,1722.2000000,259865
MOEX.VKCO:TQBR,D,20210428,000000,1728.8000000,1735.4000000,1703.0000000,1719.6000000,303975
MOEX.VKCO:TQBR,D,20210429,000000,1726.6000000,1738.8000000,1694.2000000,1707.0000000,492168
MOEX.VKCO:TQBR,D,20210430,000000,1709.6000000,1714.0000000,1674.4000000,1681.2000000,646024
MOEX.VKCO:TQBR,D,20210504,000000,1691.0000000,1695.0000000,1652.2000000,1662.8000000,529444
MOEX.VKCO:TQBR,D,20210505,000000,1666.0000000,1674.8000000,1656.0000000,1663.0000000,347153
MOEX.VKCO:TQBR,D,20210506,000000,1666.6000000,1666.8000000,1630.0000000,1642.6000000,619984
MOEX.VKCO:TQBR,D,20210507,000000,1647.0000000,1649.0000000,1621.8000000,1636.8000000,421577
MOEX.VKCO:TQBR,D,20210510,000000,1640.6000000,1641.2000000,1610.6000000,1613.0000000,308326
MOEX.VKCO:TQBR,D,20210511,000000,1616.0000000,1617.4000000,1567.6000000,1588.6000000,848005
MOEX.VKCO:TQBR,D,20210512,000000,1588.6000000,1594.8000000,1551.0000000,1553.0000000,645431
MOEX.VKCO:TQBR,D,20210513,000000,1553.0000000,1554.6000000,1502.8000000,1505.0000000,1036882
MOEX.VKCO:TQBR,D,20210514,000000,1511.2000000,1516.6000000,1465.8000000,1516.4000000,942160
MOEX.VKCO:TQBR,D,20210517,000000,1527.2000000,1532.8000000,1491.0000000,1516.8000000,710691
MOEX.VKCO:TQBR,D,20210518,000000,1520.8000000,1552.0000000,1509.0000000,1549.2000000,811947
MOEX.VKCO:TQBR,D,20210519,000000,1550.6000000,1554.2000000,1501.0000000,1517.0000000,526280
MOEX.VKCO:TQBR,D,20210520,000000,1518.0000000,1520.2000000,1500.2000000,1509.8000000,340911
MOEX.VKCO:TQBR,D,20210521,000000,1510.0000000,1546.0000000,1500.6000000,1530.6000000,422014
MOEX.VKCO:TQBR,D,20210524,000000,1530.6000000,1563.8000000,1530.0000000,1562.2000000,321404
MOEX.VKCO:TQBR,D,20210525,000000,1564.0000000,1573.8000000,1552.0000000,1570.0000000,331201
MOEX.VKCO:TQBR,D,20210526,000000,1573.6000000,1632.6000000,1572.2000000,1630.2000000,954488
MOEX.VKCO:TQBR,D,20210527,000000,1630.2000000,1709.0000000,1615.2000000,1680.0000000,1786185
MOEX.VKCO:TQBR,D,20210528,000000,1676.8000000,1697.8000000,1642.0000000,1669.6000000,709406
MOEX.VKCO:TQBR,D,20210531,000000,1674.6000000,1701.4000000,1665.6000000,1673.6000000,368876
MOEX.VKCO:TQBR,D,20210601,000000,1680.0000000,1717.0000000,1676.0000000,1693.4000000,515323
MOEX.VKCO:TQBR,D,20210602,000000,1694.0000000,1705.8000000,1672.2000000,1678.6000000,329439
MOEX.VKCO:TQBR,D,20210603,000000,1687.2000000,1689.0000000,1660.0000000,1673.6000000,309199
MOEX.VKCO:TQBR,D,20210604,000000,1673.8000000,1681.4000000,1639.2000000,1669.8000000,290302
MOEX.VKCO:TQBR,D,20210607,000000,1674.6000000,1674.6000000,1652.2000000,1663.0000000,214502
MOEX.VKCO:TQBR,D,20210608,000000,1662.0000000,1683.6000000,1660.0000000,1662.6000000,293967
MOEX.VKCO:TQBR,D,20210609,000000,1666.8000000,1680.0000000,1658.0000000,1670.0000000,270701
MOEX.VKCO:TQBR,D,20210610,000000,1670.6000000,1673.4000000,1654.0000000,1664.0000000,327171
MOEX.VKCO:TQBR,D,20210611,000000,1665.6000000,1668.2000000,1628.0000000,1637.8000000,320821
MOEX.VKCO:TQBR,D,20210614,000000,1640.8000000,1644.6000000,1625.4000000,1636.6000000,142312
MOEX.VKCO:TQBR,D,20210615,000000,1636.6000000,1637.4000000,1616.6000000,1618.0000000,246525
MOEX.VKCO:TQBR,D,20210616,000000,1615.2000000,1624.4000000,1597.0000000,1600.6000000,580801
MOEX.VKCO:TQBR,D,20210617,000000,1603.0000000,1642.8000000,1587.8000000,1631.4000000,401455
MOEX.VKCO:TQBR,D,20210618,000000,1638.0000000,1646.8000000,1611.8000000,1624.2000000,373970
MOEX.VKCO:TQBR,D,20210621,000000,1630.8000000,1643.2000000,1608.2000000,1614.0000000,274223
MOEX.VKCO:TQBR,D,20210622,000000,1621.0000000,1621.2000000,1592.0000000,1601.0000000,389909
MOEX.VKCO:TQBR,D,20210623,000000,1602.2000000,1609.0000000,1581.8000000,1602.2000000,349094
MOEX.VKCO:TQBR,D,20210624,000000,1604.4000000,1604.4000000,1581.4000000,1590.0000000,244223
MOEX.VKCO:TQBR,D,20210625,000000,1593.8000000,1620.0000000,1588.8000000,1610.8000000,241976
MOEX.VKCO:TQBR,D,20210628,000000,1610.8000000,1630.0000000,1602.0000000,1627.2000000,309855
MOEX.VKCO:TQBR,D,20210629,000000,1628.0000000,1645.0000000,1591.4000000,1622.0000000,427988
MOEX.VKCO:TQBR,D,20210630,000000,1616.0000000,1664.0000000,1605.4000000,1655.6000000,397655
MOEX.VKCO:TQBR,D,20210701,000000,1657.2000000,1677.6000000,1643.4000000,1669.4000000,361049
MOEX.VKCO:TQBR,D,20210702,000000,1670.0000000,1679.0000000,1650.0000000,1661.2000000,199716
MOEX.VKCO:TQBR,D,20210705,000000,1667.8000000,1668.8000000,1637.2000000,1658.0000000,193552
MOEX.VKCO:TQBR,D,20210706,000000,1658.0000000,1665.2000000,1643.4000000,1649.0000000,350720
MOEX.VKCO:TQBR,D,20210707,000000,1650.4000000,1669.2000000,1646.8000000,1649.0000000,259954
MOEX.VKCO:TQBR,D,20210708,000000,1649.0000000,1650.4000000,1623.6000000,1629.8000000,300085
MOEX.VKCO:TQBR,D,20210709,000000,1626.6000000,1641.0000000,1605.0000000,1616.0000000,233526
MOEX.VKCO:TQBR,D,20210712,000000,1614.6000000,1620.6000000,1599.4000000,1619.6000000,181586
MOEX.VKCO:TQBR,D,20210713,000000,1619.4000000,1650.0000000,1612.2000000,1642.4000000,216623
MOEX.VKCO:TQBR,D,20210714,000000,1647.8000000,1647.8000000,1606.0000000,1607.0000000,291297
MOEX.VKCO:TQBR,D,20210715,000000,1606.0000000,1618.8000000,1578.0000000,1585.2000000,437482
MOEX.VKCO:TQBR,D,20210716,000000,1594.8000000,1604.0000000,1557.6000000,1560.8000000,277366
MOEX.VKCO:TQBR,D,20210719,000000,1561.4000000,1567.4000000,1513.4000000,1528.6000000,451228
MOEX.VKCO:TQBR,D,20210720,000000,1534.8000000,1543.0000000,1516.4000000,1534.0000000,205688
MOEX.VKCO:TQBR,D,20210721,000000,1536.0000000,1564.2000000,1525.8000000,1541.0000000,175222
MOEX.VKCO:TQBR,D,20210722,000000,1553.0000000,1557.8000000,1533.4000000,1549.0000000,172300
MOEX.VKCO:TQBR,D,20210723,000000,1549.8000000,1560.0000000,1525.0000000,1539.0000000,148757
MOEX.VKCO:TQBR,D,20210726,000000,1536.2000000,1547.2000000,1523.0000000,1544.0000000,140897
MOEX.VKCO:TQBR,D,20210727,000000,1544.0000000,1544.0000000,1508.8000000,1517.4000000,233678
MOEX.VKCO:TQBR,D,20210728,000000,1523.6000000,1554.6000000,1519.2000000,1548.6000000,192010
MOEX.VKCO:TQBR,D,20210729,000000,1555.0000000,1558.4000000,1515.4000000,1520.4000000,508863
MOEX.VKCO:TQBR,D,20210730,000000,1517.6000000,1523.2000000,1500.6000000,1514.8000000,430663
MOEX.VKCO:TQBR,D,20210802,000000,1519.2000000,1520.6000000,1500.4000000,1506.4000000,250450
MOEX.VKCO:TQBR,D,20210803,000000,1506.4000000,1508.8000000,1470.0000000,1481.4000000,513667
MOEX.VKCO:TQBR,D,20210804,000000,1483.2000000,1491.8000000,1478.4000000,1487.8000000,205847
MOEX.VKCO:TQBR,D,20210805,000000,1490.4000000,1508.0000000,1480.4000000,1507.0000000,239633
MOEX.VKCO:TQBR,D,20210806,000000,1507.8000000,1526.0000000,1495.6000000,1506.0000000,266920
MOEX.VKCO:TQBR,D,20210809,000000,1504.2000000,1521.6000000,1495.4000000,1505.6000000,183866
MOEX.VKCO:TQBR,D,20210810,000000,1510.2000000,1519.2000000,1502.0000000,1515.0000000,252210
MOEX.VKCO:TQBR,D,20210811,000000,1518.8000000,1549.0000000,1513.4000000,1543.0000000,353070
MOEX.VKCO:TQBR,D,20210812,000000,1549.4000000,1553.8000000,1525.8000000,1536.6000000,204407
MOEX.VKCO:TQBR,D,20210813,000000,1536.6000000,1539.0000000,1508.2000000,1513.8000000,217272
MOEX.VKCO:TQBR,D,20210816,000000,1513.8000000,1514.4000000,1486.0000000,1494.0000000,301687
MOEX.VKCO:TQBR,D,20210817,000000,1491.2000000,1500.0000000,1478.0000000,1488.8000000,263812
MOEX.VKCO:TQBR,D,20210818,000000,1490.0000000,1496.2000000,1480.0000000,1482.0000000,181284
MOEX.VKCO:TQBR,D,20210819,000000,1481.0000000,1487.6000000,1466.0000000,1482.6000000,337864
MOEX.VKCO:TQBR,D,20210820,000000,1483.0000000,1483.0000000,1438.6000000,1441.6000000,466932
MOEX.VKCO:TQBR,D,20210823,000000,1444.8000000,1456.4000000,1413.8000000,1426.2000000,436935
MOEX.VKCO:TQBR,D,20210824,000000,1432.0000000,1438.8000000,1419.0000000,1436.4000000,288082
MOEX.VKCO:TQBR,D,20210825,000000,1437.0000000,1449.4000000,1426.4000000,1436.0000000,369496
MOEX.VKCO:TQBR,D,20210826,000000,1435.0000000,1442.6000000,1421.0000000,1432.2000000,208221
MOEX.VKCO:TQBR,D,20210827,000000,1432.2000000,1436.0000000,1420.0000000,1430.2000000,219027
MOEX.VKCO:TQBR,D,20210830,000000,1430.2000000,1443.8000000,1425.2000000,1436.0000000,192590
MOEX.VKCO:TQBR,D,20210831,000000,1440.0000000,1486.8000000,1438.4000000,1484.4000000,698413
MOEX.VKCO:TQBR,D,20210901,000000,1488.0000000,1521.2000000,1469.0000000,1519.0000000,602714
MOEX.VKCO:TQBR,D,20210902,000000,1514.8000000,1545.2000000,1505.6000000,1535.2000000,451711
MOEX.VKCO:TQBR,D,20210903,000000,1542.2000000,1544.0000000,1506.0000000,1541.0000000,274721
MOEX.VKCO:TQBR,D,20210906,000000,1541.0000000,1561.0000000,1531.2000000,1541.2000000,302195
MOEX.VKCO:TQBR,D,20210907,000000,1542.0000000,1547.6000000,1512.0000000,1536.0000000,296865
MOEX.VKCO:TQBR,D,20210908,000000,1539.2000000,1542.4000000,1522.6000000,1529.8000000,230097
MOEX.VKCO:TQBR,D,20210909,000000,1525.0000000,1530.2000000,1512.2000000,1514.8000000,202724
MOEX.VKCO:TQBR,D,20210910,000000,1518.0000000,1534.8000000,1515.4000000,1530.8000000,199093
MOEX.VKCO:TQBR,D,20210913,000000,1533.2000000,1592.4000000,1530.2000000,1586.4000000,613423
MOEX.VKCO:TQBR,D,20210914,000000,1590.0000000,1594.8000000,1564.8000000,1571.2000000,457639
MOEX.VKCO:TQBR,D,20210915,000000,1577.6000000,1586.0000000,1553.4000000,1557.2000000,229283
MOEX.VKCO:TQBR,D,20210916,000000,1557.4000000,1572.0000000,1540.2000000,1559.2000000,359493
MOEX.VKCO:TQBR,D,20210917,000000,1566.6000000,1582.8000000,1558.2000000,1570.4000000,340402
MOEX.VKCO:TQBR,D,20210920,000000,1570.2000000,1576.2000000,1515.0000000,1521.4000000,411345
MOEX.VKCO:TQBR,D,20210921,000000,1527.6000000,1546.8000000,1516.2000000,1535.0000000,250749
MOEX.VKCO:TQBR,D,20210922,000000,1540.0000000,1540.2000000,1521.4000000,1537.8000000,202833
MOEX.VKCO:TQBR,D,20210923,000000,1541.8000000,1544.4000000,1501.2000000,1515.0000000,356138
MOEX.VKCO:TQBR,D,20210924,000000,1513.0000000,1530.0000000,1508.0000000,1525.4000000,210060
MOEX.VKCO:TQBR,D,20210927,000000,1525.6000000,1530.2000000,1480.8000000,1487.0000000,389023
MOEX.VKCO:TQBR,D,20210928,000000,1489.8000000,1516.2000000,1477.8000000,1498.2000000,303863
MOEX.VKCO:TQBR,D,20210929,000000,1500.0000000,1503.2000000,1488.0000000,1497.2000000,133296
MOEX.VKCO:TQBR,D,20210930,000000,1503.2000000,1506.2000000,1481.0000000,1488.0000000,253361
MOEX.VKCO:TQBR,D,20211001,000000,1483.2000000,1487.6000000,1474.0000000,1481.8000000,165429
MOEX.VKCO:TQBR,D,20211004,000000,1484.0000000,1487.6000000,1448.2000000,1461.8000000,269232
MOEX.VKCO:TQBR,D,20211005,000000,1457.0000000,1478.4000000,1437.6000000,1466.0000000,298879
MOEX.VKCO:TQBR,D,20211006,000000,1466.0000000,1470.4000000,1431.2000000,1448.2000000,332168
MOEX.VKCO:TQBR,D,20211007,000000,1458.2000000,1495.0000000,1442.8000000,1495.0000000,351315
MOEX.VKCO:TQBR,D,20211008,000000,1495.2000000,1498.4000000,1460.0000000,1465.0000000,268731
MOEX.VKCO:TQBR,D,20211011,000000,1468.6000000,1470.2000000,1438.0000000,1456.6000000,308805
MOEX.VKCO:TQBR,D,20211012,000000,1456.6000000,1489.2000000,1447.2000000,1468.0000000,440577
MOEX.VKCO:TQBR,D,20211013,000000,1462.8000000,1478.4000000,1452.6000000,1473.2000000,215627
MOEX.VKCO:TQBR,D,20211014,000000,1476.8000000,1486.8000000,1470.0000000,1472.8000000,252264
MOEX.VKCO:TQBR,D,20211015,000000,1468.2000000,1499.6000000,1468.2000000,1495.0000000,281633
MOEX.VKCO:TQBR,D,20211018,000000,1499.0000000,1571.0000000,1491.0000000,1570.6000000,780974
MOEX.VKCO:TQBR,D,20211019,000000,1571.6000000,1591.0000000,1563.4000000,1573.8000000,488968
MOEX.VKCO:TQBR,D,20211020,000000,1572.0000000,1619.4000000,1572.0000000,1614.8000000,536853
MOEX.VKCO:TQBR,D,20211021,000000,1609.0000000,1618.6000000,1586.0000000,1596.2000000,367976
MOEX.VKCO:TQBR,D,20211022,000000,1602.6000000,1603.0000000,1538.0000000,1546.0000000,572028
MOEX.VKCO:TQBR,D,20211025,000000,1545.0000000,1555.8000000,1522.0000000,1547.0000000,389985
MOEX.VKCO:TQBR,D,20211026,000000,1557.0000000,1557.2000000,1509.0000000,1515.4000000,292053
MOEX.VKCO:TQBR,D,20211027,000000,1515.0000000,1546.2000000,1502.8000000,1540.2000000,382913
MOEX.VKCO:TQBR,D,20211028,000000,1539.0000000,1545.2000000,1484.6000000,1504.2000000,708834
MOEX.VKCO:TQBR,D,20211029,000000,1504.2000000,1509.0000000,1443.6000000,1461.2000000,685916
MOEX.VKCO:TQBR,D,20211101,000000,1473.0000000,1473.0000000,1439.8000000,1463.4000000,513701
MOEX.VKCO:TQBR,D,20211102,000000,1465.0000000,1469.0000000,1434.0000000,1441.4000000,404439
MOEX.VKCO:TQBR,D,20211103,000000,1442.4000000,1457.4000000,1437.2000000,1449.8000000,234928
MOEX.VKCO:TQBR,D,20211105,000000,1452.0000000,1453.4000000,1427.0000000,1438.0000000,222612
MOEX.VKCO:TQBR,D,20211108,000000,1442.0000000,1457.0000000,1426.2000000,1433.8000000,345328
MOEX.VKCO:TQBR,D,20211109,000000,1428.8000000,1435.6000000,1400.6000000,1405.0000000,565948
MOEX.VKCO:TQBR,D,20211110,000000,1409.0000000,1415.6000000,1371.6000000,1379.4000000,598352
MOEX.VKCO:TQBR,D,20211111,000000,1389.4000000,1397.2000000,1371.2000000,1391.0000000,385666
MOEX.VKCO:TQBR,D,20211112,000000,1395.0000000,1413.8000000,1378.0000000,1403.0000000,581613
MOEX.VKCO:TQBR,D,20211115,000000,1405.0000000,1414.0000000,1384.0000000,1388.8000000,314129
MOEX.VKCO:TQBR,D,20211116,000000,1393.4000000,1401.0000000,1378.0000000,1389.4000000,319555
MOEX.VKCO:TQBR,D,20211117,000000,1385.0000000,1400.0000000,1380.2000000,1380.8000000,253253
MOEX.VKCO:TQBR,D,20211118,000000,1380.8000000,1398.8000000,1376.4000000,1385.0000000,280243
MOEX.VKCO:TQBR,D,20211119,000000,1390.8000000,1395.0000000,1320.0000000,1325.8000000,1016709
MOEX.VKCO:TQBR,D,20211122,000000,1329.0000000,1339.2000000,1259.2000000,1280.0000000,1101739
MOEX.VKCO:TQBR,D,20211123,000000,1280.0000000,1296.0000000,1256.4000000,1295.0000000,765551
MOEX.VKCO:TQBR,D,20211124,000000,1305.0000000,1311.8000000,1266.8000000,1290.2000000,442730
MOEX.VKCO:TQBR,D,20211125,000000,1291.6000000,1301.6000000,1268.2000000,1279.0000000,326323
MOEX.VKCO:TQBR,D,20211126,000000,1268.0000000,1268.0000000,1203.0000000,1206.8000000,775285
MOEX.VKCO:TQBR,D,20211129,000000,1219.0000000,1265.4000000,1212.6000000,1244.8000000,661610
MOEX.VKCO:TQBR,D,20211130,000000,1210.0000000,1267.4000000,1210.0000000,1247.0000000,892553
MOEX.VKCO:TQBR,D,20211201,000000,1257.0000000,1300.0000000,1254.4000000,1264.8000000,570964
MOEX.VKCO:TQBR,D,20211202,000000,1270.4000000,1378.6000000,1260.0000000,1348.2000000,1872952
MOEX.VKCO:TQBR,D,20211203,000000,1346.8000000,1347.2000000,1212.4000000,1240.8000000,1832216
MOEX.VKCO:TQBR,D,20211206,000000,1245.4000000,1272.0000000,1155.0000000,1167.8000000,1203592
MOEX.VKCO:TQBR,D,20211207,000000,1165.0000000,1173.2000000,1088.2000000,1111.0000000,2139075
MOEX.VKCO:TQBR,D,20211208,000000,1121.8000000,1129.4000000,1016.4000000,1041.4000000,2375378
MOEX.VKCO:TQBR,D,20211209,000000,1042.8000000,1042.8000000,1001.2000000,1015.0000000,1805462
MOEX.VKCO:TQBR,D,20211210,000000,1018.4000000,1053.8000000,983.0000000,986.6000000,1406697
MOEX.VKCO:TQBR,D,20211213,000000,987.0000000,993.0000000,901.0000000,905.8000000,3177325
MOEX.VKCO:TQBR,D,20211214,000000,914.4000000,950.0000000,842.8000000,897.4000000,1784849
MOEX.VKCO:TQBR,D,20211215,000000,900.0000000,973.8000000,883.6000000,961.0000000,2233053
MOEX.VKCO:TQBR,D,20211216,000000,966.0000000,1019.0000000,951.4000000,982.8000000,2446215
MOEX.VKCO:TQBR,D,20211217,000000,983.4000000,1002.2000000,940.0000000,962.0000000,1109830
MOEX.VKCO:TQBR,D,20211220,000000,957.2000000,957.8000000,891.0000000,912.0000000,1132272
MOEX.VKCO:TQBR,D,20211221,000000,915.2000000,948.0000000,915.0000000,924.6000000,766397
MOEX.VKCO:TQBR,D,20211222,000000,925.0000000,929.6000000,895.0000000,912.2000000,917610
MOEX.VKCO:TQBR,D,20211223,000000,917.2000000,918.0000000,872.6000000,880.2000000,1592364
MOEX.VKCO:TQBR,D,20211224,000000,878.4000000,884.2000000,850.0000000,877.0000000,1703934
MOEX.VKCO:TQBR,D,20211227,000000,877.2000000,899.0000000,877.0000000,884.8000000,1136067
MOEX.VKCO:TQBR,D,20211228,000000,887.8000000,894.2000000,870.0000000,876.6000000,1012474
MOEX.VKCO:TQBR,D,20211229,000000,876.2000000,883.0000000,860.0000000,865.4000000,674672
MOEX.VKCO:TQBR,D,20211230,000000,865.4000000,874.0000000,859.4000000,872.4000000,390664
